Asp f 1,1aqz
Bos d 2,1bj7
Bet v 1,1bv1
Tri a 15,1bwo
Chi t 1,1eca
Equ c 1,1ew3
Bos d 4,1f6r
Api m 2,1fcq
Zea m 14,1fk0
Gly m 6,1fxz
Hev b 8,1g5u
Bos d 5,1gx8
Bet v 4,1h4b
Gly m 5,1ipk
Phl p 7,1k9u
Asp f 6,1kkc
Der p 2,1ktj
Phl p 5,1l3p
Mus m 1,1mup
Gal d 3,1n04
Phl p 1,1n10
Phl p 6,1nlx
Bra n 1,1pnb
Api m 1,1poc
Ric c 1,1psy
Jun a 1,1pxz
Hev b 6,1q9b
Ves v 5,1qnx
Ole e 6,1ss3
Gal d 2,1uhg
Ara h 6,1w2q
Phl p 2,1who
Der p 1,3f5v
Mus a 4,1z3q
Fel d 1,1zkr
Rat n 1,2a2g
Act d 1,2act
Pru ar 3,2ahn
Pru p 1,2alg
Der f 13,2aoa
Api g 1,2bk0
Asp f 11,2c3b
Mala s 6,2cfe
Mus a 5,2cyg
Der f 2,2f08
Vig r 6,2flh
Zea m 1,2hcz
Mala s 13,2j23
Blo t 5,2jmh
Ole e 9,2jon
Gly m 4,2k7h
Art v 1,2kpy
Blo t 21,2lm9
Fra a 1,2lpx
Ber e 1,2lvf
Gal d 4,2lym
Gad m 1,2mbx
Blo t 19,2mfj
Blo t 12,2mfk
Api m 4,2mlt
Pis s 3,2n81
Che a 3,2opo
Mala s 1,2p9w
Sol i 3,2vzn
Dau c 1,2wql
Arg r 1,2x45
Sol i 2,2ygu
Ara h 3,3c3v
Der f 1,3d6s
Aed a 2,3dxl
Bla g 4,3ebk
Pru du 4,3fz3
Cla h 8,3gdf
Der p 7,3h4z
Can f 2,3l4r
Der p 5,3mq1
Ara h 2,3ob4
Ara h 1,3smh
Phl p 4,3tsh
Der f 7,3uv1
Bos d 6,3v03
Equ c 3,3v08
Amb t 5,3v0r
Mal d 2,3zs3
Tri a 18,4aml
Act d 2,4bct
Zea m 8,4cm
Cyp c 1,4cpv
Ara h 5,4esp
Hev b 2,4hpg
Act d 11,4igv
Bla g 1,4jrb
Pin k 2,4lej
Ara h 8,4map
Can f 4,4odd
Act c 5,4pmk
Asc s 13,4q5f
Blo t 8,4q5n
Der p 8,4q5q
Bla g 5,4q5r
Bla g 2,4rld
Cor a 8,4xuw
Car i 2,5e1r
Mal d 1,5mmu
Asp o 21,6taa
Alt a 1,3v0r